year,Country,Overall Scores,Safety and Security,Ongoing Conflict,Militarian,Condition
2019,Afghanistan,3.538,4.134,3.636,2.41,BAHAYA
2019,Yemen,3.34,3.659,3.603,2.445,BAHAYA
2019,Syria,3.298,3.527,3.828,2.216,BAHAYA
2019,South Sudan,3.272,3.864,3.099,2.476,BAHAYA
2019,Iraq,3.18,3.722,3.201,2.325,BAHAYA
2019,Central African Republic,3.084,3.673,2.965,2.248,BAHAYA
2019,Democratic Republic of the Congo,3.081,3.614,3.264,1.994,BAHAYA
2019,Russia,3.043,3.059,2.885,3.237,BAHAYA
2019,Somalia,3.005,3.428,3.016,2.26,BAHAYA
2019,Libya,2.959,3.24,3.122,2.347,WASPADA
2019,North Korea,2.865,2.968,2.61,3.057,WASPADA
2019,Pakistan,2.799,2.726,3.146,2.543,WASPADA
2019,Sudan,2.777,3.119,2.893,2.053,WASPADA
2019,Ukraine,2.752,2.953,3.021,2.065,WASPADA
2019,Turkiye,2.736,2.932,3.088,1.928,WASPADA
2019,Venezuela,2.734,3.678,2.24,1.817,WASPADA
2019,Nigeria,2.716,3.062,2.863,2.026,WASPADA
2019,Lebanon,2.673,2.799,2.83,2.3,WASPADA
2019,Colombia,2.672,3.535,2.043,1.999,WASPADA
2019,Israel,2.672,2.345,2.315,3.836,WASPADA
2019,Cameroon,2.569,2.868,2.69,1.922,WASPADA
2019,Eritrea,2.548,3.416,1.747,1.969,WASPADA
2019,Mali,2.53,3.125,2.307,1.872,WASPADA
2019,Iran,2.525,2.763,2.718,1.858,WASPADA
2019,Burundi,2.509,3.174,2.376,1.525,WASPADA
2019,Chad,2.506,2.781,2.508,2.104,WASPADA
2019,Mexico,2.46,3.229,2.072,1.723,WASPADA
2019,Brazil,2.449,3.212,1.764,2.135,WASPADA
2019,South Africa,2.442,3.285,1.824,1.838,WASPADA
2019,Ethiopia,2.439,2.81,2.487,1.777,WASPADA
2019,India,2.418,2.266,2.563,2.565,WASPADA
2019,Palestine,2.418,2.653,2.435,1.991,WASPADA
2019,Philippines,2.407,2.91,2.384,1.666,WASPADA
2019,Saudi Arabia,2.405,2.225,2.568,2.599,WASPADA
2019,United States of America,2.395,2.227,2.094,3.104,WASPADA
2019,Egypt,2.381,2.536,2.505,1.994,WASPADA
2019,Niger,2.322,2.588,2.459,1.74,WASPADA
2019,Zimbabwe,2.31,2.709,2.006,2.079,WASPADA
2019,Kenya,2.294,2.639,2.262,1.794,WASPADA
2019,Azerbaijan,2.274,2.418,2.127,2.207,WASPADA
2019,Nicaragua,2.261,2.834,2.006,1.658,WASPADA
2019,Myanmar,2.26,2.562,2.424,1.562,WASPADA
2019,Bahrain,2.246,2.508,2.179,1.921,WASPADA
2019,Republic of the Congo,2.238,2.832,1.669,2,WASPADA
2019,Uganda,2.238,2.694,1.962,1.791,WASPADA
2019,Mauritania,2.228,2.898,1.691,1.825,WASPADA
2019,Turkmenistan,2.223,2.65,1.805,2.111,WASPADA
2019,El Salvador,2.222,3.115,1.448,1.73,WASPADA
2019,Honduras,2.221,3.006,1.403,1.984,WASPADA
2019,Algeria,2.213,2.353,2.057,2.257,WASPADA
2019,Burkina Faso,2.198,2.61,1.927,1.912,WASPADA
2019,Guatemala,2.193,2.876,1.641,1.8,WASPADA
2019,Thailand,2.181,2.815,1.889,1.499,WASPADA
2019,Lesotho,2.152,2.555,1.805,1.962,WASPADA
2019,Tajikistan,2.144,2.5,2.016,1.75,WASPADA
2019,Djibouti,2.126,2.369,1.925,2.014,WASPADA
2019,Gabon,2.119,2.61,1.659,1.923,WASPADA
2019,Togo,2.106,2.505,1.874,1.756,WASPADA
2019,Paraguay,2.096,2.599,1.641,1.891,WASPADA
2019,Bangladesh,2.087,2.298,2.18,1.63,WASPADA
2019,Guyana,2.083,2.902,1.403,1.594,WASPADA
2019,Morocco,2.082,2.279,1.998,1.85,WASPADA
2019,Cote d' Ivoire,2.08,2.617,1.702,1.703,WASPADA
2019,Guinea-Bissau,2.08,2.358,1.636,2.278,WASPADA
2019,Mozambique,2.069,2.528,1.62,1.937,WASPADA
2019,Armenia,2.047,2.045,2.105,1.955,WASPADA
2019,Haiti,2.047,2.565,1.604,1.799,WASPADA
2019,Belarus,2.046,2.332,1.805,1.908,WASPADA
2019,Trinidad and Tobago,2.045,2.676,1.201,2.161,WASPADA
2019,Uzbekistan,2.044,2.257,1.805,2.046,WASPADA
2019,Kyrgyz Republic,2.042,2.32,2.006,1.659,WASPADA
2019,Guinea,2.029,2.484,1.477,2.045,WASPADA
2019,Dominican Republic,2.023,2.725,1.403,1.661,WASPADA
2019,Cuba,2.018,2.463,1.805,1.53,WASPADA
2019,Cambodia,2.017,2.437,1.49,2.039,WASPADA
2019,Nepal,2.001,2.45,1.49,1.93,WASPADA
2019,Georgia,1.994,2.215,1.828,1.817,AMAN
2019,Sri Lanka,1.989,2.336,1.668,1.87,AMAN
2019,China,1.986,2.228,1.641,2.024,AMAN
2019,Argentina,1.984,2.745,1.201,1.755,AMAN
2019,Bolivia,1.977,2.347,1.421,2.135,AMAN
2019,Kosovo,1.966,2.333,1.805,1.576,AMAN
2019,Angola,1.952,2.347,1.615,1.764,AMAN
2019,Rwanda,1.95,2.29,1.75,1.613,AMAN
2019,Ecuador,1.943,2.458,1.403,1.803,AMAN
2019,Jamaica,1.943,2.699,1.201,1.687,AMAN
2019,Papua New Guinea,1.939,2.497,1.403,1.735,AMAN
2019,Peru,1.939,2.437,1.458,1.747,AMAN
2019,Oman,1.928,1.95,1.403,2.715,AMAN
2019,Tunisia,1.928,2.278,1.725,1.633,AMAN
2019,Benin,1.925,2.34,1.49,1.831,AMAN
2019,Moldova,1.919,2.364,1.842,1.242,AMAN
2019,Tanzania,1.916,2.342,1.674,1.504,AMAN
2019,The Gambia,1.909,2.379,1.462,1.707,AMAN
2019,Jordan,1.904,2.033,1.722,1.94,AMAN
2019,Kazakhstan,1.903,2.237,1.604,1.802,AMAN
2019,Vietnam,1.902,2.2,1.421,2.036,AMAN
2019,Greece,1.9,1.871,1.828,2.102,AMAN
2019,Eswatini,1.887,2.426,1.403,1.627,AMAN
2019,Namibia,1.886,2.478,1.201,1.824,AMAN
2019,United Arab Emirates,1.886,1.796,1.598,2.493,AMAN
2019,Bosnia and Herzegovina,1.884,2.136,1.846,1.488,AMAN
2019,Equatorial Guinea,1.876,2.231,1.403,1.943,AMAN
2019,Cyprus,1.867,2.189,1.604,1.555,AMAN
2019,France,1.829,1.754,1.256,2.767,AMAN
2019,Malawi,1.819,2.113,1.605,1.627,AMAN
2019,Sierra Leone,1.817,2.199,1.485,1.619,AMAN
2019,Panama,1.815,2.473,1.201,1.506,AMAN
2019,Montenegro,1.81,2.276,1.426,1.545,AMAN
2019,Liberia,1.802,2.229,1.435,1.594,AMAN
2019,Botswana,1.801,2.538,1,1.627,AMAN
2019,South Korea,1.794,1.614,1.828,2.042,AMAN
2019,North Macedonia,1.793,2.008,1.627,1.705,AMAN
2019,Senegal,1.783,2.053,1.691,1.471,AMAN
2019,Ghana,1.776,1.938,1.54,1.854,AMAN
2019,Zambia,1.773,2.296,1.256,1.6,AMAN
2019,Madagascar,1.768,2.221,1.453,1.423,AMAN
2019,Mongolia,1.763,2.388,1.224,1.39,AMAN
2019,Kuwait,1.762,1.817,1.516,2.062,AMAN
2019,Timor-Leste,1.759,2.131,1.403,1.621,AMAN
2019,Laos,1.756,2.089,1.403,1.705,AMAN
2019,Serbia,1.751,1.882,1.659,1.659,AMAN
2019,Indonesia,1.741,2.148,1.481,1.387,AMAN
2019,Costa Rica,1.735,2.211,1.201,1.66,AMAN
2019,Albania,1.733,2.176,1.224,1.676,AMAN
2019,Taiwan,1.718,1.747,1.604,1.839,AMAN
2019,United Kingdom,1.711,1.715,1.11,2.546,AMAN
2019,Uruguay,1.679,2.239,1,1.653,AMAN
2019,Spain,1.677,1.841,1.404,1.803,AMAN
2019,Italy,1.676,2.018,1.055,1.96,AMAN
2019,Lithuania,1.67,1.832,1.439,1.683,AMAN
2019,Chile,1.654,2.165,1,1.683,AMAN
2019,Qatar,1.639,1.503,1.54,2.04,AMAN
2019,Bulgaria,1.603,2.015,1.023,1.702,AMAN
2019,Latvia,1.597,1.803,1.444,1.429,AMAN
2019,Malaysia,1.595,2.188,1.034,1.311,AMAN
2019,Poland,1.58,1.711,1.426,1.575,AMAN
2019,Estonia,1.579,1.689,1.458,1.544,AMAN
2019,Croatia,1.568,1.668,1.426,1.585,AMAN
2019,Hungary,1.568,1.871,1.476,1.146,AMAN
2019,Romania,1.543,1.783,1.083,1.78,AMAN
2019,Mauritius,1.541,1.997,1,1.5,AMAN
2019,Sweden,1.523,1.483,1.34,1.849,AMAN
2019,Slovakia,1.519,1.675,1.426,1.386,AMAN
2019,Norway,1.503,1.217,1.256,2.389,AMAN
2019,Germany,1.5,1.605,1.077,1.912,AMAN
2019,Netherlands,1.49,1.499,1.086,2.044,AMAN
2019,Belgium,1.474,1.725,1.133,1.532,AMAN
2019,Australia,1.439,1.57,1.069,1.755,AMAN
2019,Bhutan,1.404,1.388,1.462,1.357,AMAN
2019,Finland,1.393,1.285,1.256,1.796,AMAN
2019,Switzerland,1.373,1.29,1.023,2.024,AMAN
2019,Japan,1.356,1.33,1.403,1.309,AMAN
2019,Singapore,1.346,1.255,1.011,2.02,AMAN
2019,Czech Republic,1.343,1.564,1.046,1.353,AMAN
2019,Ireland,1.34,1.467,1.224,1.307,AMAN
2019,Canada,1.32,1.434,1.057,1.498,AMAN
2019,Slovenia,1.319,1.297,1.426,1.205,AMAN
2019,Denmark,1.299,1.283,1.282,1.338,AMAN
2019,New Zealand,1.285,1.55,1.023,1.179,AMAN
2019,Portugal,1.277,1.444,1.064,1.269,AMAN
2019,Austria,1.259,1.378,1.046,1.355,AMAN
2019,Iceland,1.093,1.181,1.023,1.032,AMAN
2020,Afghanistan,3.581,4.136,3.626,2.602,BAHAYA
2020,Yemen,3.34,3.853,3.501,2.225,BAHAYA
2020,Syria,3.299,3.577,3.828,2.13,BAHAYA
2020,South Sudan,3.278,3.847,3.089,2.548,BAHAYA
2020,Iraq,3.118,3.735,2.946,2.356,BAHAYA
2020,Somalia,3.053,3.481,3.095,2.264,BAHAYA
2020,Democratic Republic of the Congo,3.039,3.682,3.128,1.868,BAHAYA
2020,Libya,2.99,3.306,3.103,2.358,WASPADA
2020,Russia,2.971,2.888,2.898,3.226,WASPADA
2020,Central African Republic,2.956,3.475,2.836,2.238,WASPADA
2020,North Korea,2.939,3.048,2.61,3.224,WASPADA
2020,Sudan,2.867,3.232,2.891,2.219,WASPADA
2020,Pakistan,2.811,2.661,3.265,2.526,WASPADA
2020,Iran,2.786,3.017,3.044,2.016,WASPADA
2020,Turkiye,2.758,3.045,3.021,1.918,WASPADA
2020,Nigeria,2.746,2.956,3.059,2.05,WASPADA
2020,Ukraine,2.724,2.961,2.965,2.026,WASPADA
2020,Venezuela,2.701,3.533,2.246,1.923,WASPADA
2020,Colombia,2.663,3.465,2.08,2.035,WASPADA
2020,Israel,2.647,2.379,2.191,3.822,WASPADA
2020,Cameroon,2.643,2.983,2.892,1.745,WASPADA
2020,Eritrea,2.582,3.405,1.793,2.059,WASPADA
2020,Lebanon,2.577,2.765,2.528,2.355,WASPADA
2020,Mexico,2.565,3.206,2.481,1.669,WASPADA
2020,Mali,2.555,3.07,2.523,1.785,WASPADA
2020,Chad,2.552,2.855,2.52,2.147,WASPADA
2020,Niger,2.498,2.914,2.495,1.846,WASPADA
2020,Palestine,2.488,2.683,2.619,1.991,WASPADA
2020,Burundi,2.458,2.951,2.513,1.521,WASPADA
2020,Brazil,2.446,3.295,1.769,1.969,WASPADA
2020,India,2.446,2.351,2.584,2.502,WASPADA
2020,Ethiopia,2.436,2.793,2.574,1.687,WASPADA
2020,Egypt,2.397,2.467,2.517,2.164,WASPADA
2020,United States of America,2.372,2.241,2.016,3.086,WASPADA
2020,Saudi Arabia,2.369,2.25,2.485,2.514,WASPADA
2020,South Africa,2.358,3.174,1.772,1.768,WASPADA
2020,Uganda,2.345,2.716,2.202,1.85,WASPADA
2020,Kenya,2.333,2.639,2.268,1.946,WASPADA
2020,Zimbabwe,2.322,2.755,2.006,2.033,WASPADA
2020,Nicaragua,2.32,2.985,2.006,1.632,WASPADA
2020,Philippines,2.305,2.774,2.245,1.665,WASPADA
2020,Burkina Faso,2.294,2.694,2.016,2.023,WASPADA
2020,Republic of the Congo,2.243,2.796,1.687,2.061,WASPADA
2020,El Salvador,2.224,3.15,1.446,1.677,WASPADA
2020,Mauritania,2.22,2.911,1.714,1.738,WASPADA
2020,Myanmar,2.218,2.661,2.15,1.571,WASPADA
2020,Benin,2.206,2.483,2.117,1.892,WASPADA
2020,Honduras,2.206,3.038,1.403,1.859,WASPADA
2020,Turkmenistan,2.189,2.484,1.805,2.262,WASPADA
2020,Algeria,2.186,2.328,2.041,2.207,WASPADA
2020,Thailand,2.178,2.815,1.893,1.484,WASPADA
2020,Djibouti,2.168,2.397,1.956,2.092,WASPADA
2020,Guatemala,2.155,2.815,1.65,1.736,WASPADA
2020,Bahrain,2.148,2.514,2.023,1.681,WASPADA
2020,Tajikistan,2.138,2.474,2.068,1.704,WASPADA
2020,Mozambique,2.133,2.601,1.858,1.759,WASPADA
2020,Haiti,2.132,2.538,1.82,1.92,WASPADA
2020,Gabon,2.128,2.603,1.677,1.947,WASPADA
2020,Cote d' Ivoire,2.113,2.729,1.725,1.608,WASPADA
2020,Togo,2.105,2.389,1.897,1.926,WASPADA
2020,Morocco,2.09,2.307,2.062,1.74,WASPADA
2020,Lesotho,2.088,2.475,1.805,1.839,WASPADA
2020,Uzbekistan,2.07,2.256,1.805,2.155,WASPADA
2020,Guyana,2.065,2.874,1.403,1.566,WASPADA
2020,Cuba,2.048,2.544,1.805,1.508,WASPADA
2020,Azerbaijan,2.046,2.327,1.637,2.114,WASPADA
2020,Sri Lanka,2.039,2.429,1.696,1.872,WASPADA
2020,Bolivia,2.037,2.49,1.421,2.129,WASPADA
2020,Guinea,2.036,2.566,1.494,1.899,WASPADA
2020,Kyrgyz Republic,2.036,2.299,2.006,1.676,WASPADA
2020,Belarus,2.033,2.266,1.805,1.978,WASPADA
2020,Ecuador,2.031,2.465,1.604,1.893,WASPADA
2020,Bangladesh,2.028,2.324,1.991,1.581,WASPADA
2020,Georgia,2.022,2.298,1.817,1.801,WASPADA
2020,United Arab Emirates,2.022,1.833,1.833,2.649,WASPADA
2020,Trinidad and Tobago,2.016,2.669,1.201,2.051,WASPADA
2020,Nepal,2.015,2.466,1.513,1.927,WASPADA
2020,Guinea-Bissau,2.014,2.331,1.631,2.057,WASPADA
2020,Paraguay,2.005,2.49,1.439,2.001,WASPADA
2020,Kazakhstan,1.993,2.441,1.604,1.809,AMAN
2020,Peru,1.993,2.479,1.476,1.871,AMAN
2020,Jordan,1.986,2.227,1.745,1.901,AMAN
2020,Kosovo,1.973,2.348,1.805,1.577,AMAN
2020,Jamaica,1.972,2.766,1.201,1.688,AMAN
2020,Cambodia,1.971,2.34,1.513,1.987,AMAN
2020,Rwanda,1.968,2.363,1.742,1.563,AMAN
2020,Papua New Guinea,1.965,2.481,1.403,1.87,AMAN
2020,Dominican Republic,1.961,2.644,1.403,1.546,AMAN
2020,Vietnam,1.96,2.358,1.421,1.996,AMAN
2020,Tunisia,1.956,2.224,1.747,1.816,AMAN
2020,China,1.949,2.138,1.646,2.024,AMAN
2020,Argentina,1.948,2.726,1.201,1.639,AMAN
2020,France,1.94,1.897,1.409,2.767,AMAN
2020,Armenia,1.935,2.028,1.695,2.132,AMAN
2020,The Gambia,1.931,2.382,1.49,1.757,AMAN
2020,Oman,1.923,1.942,1.403,2.707,AMAN
2020,Angola,1.918,2.381,1.413,1.828,AMAN
2020,Malawi,1.912,2.265,1.742,1.576,AMAN
2020,Eswatini,1.907,2.499,1.403,1.58,AMAN
2020,Tanzania,1.902,2.371,1.619,1.473,AMAN
2020,Bosnia and Herzegovina,1.9,2.181,1.844,1.475,AMAN
2020,Cyprus,1.885,2.229,1.604,1.562,AMAN
2020,Moldova,1.874,2.262,1.842,1.236,AMAN
2020,Panama,1.87,2.467,1.403,1.485,AMAN
2020,Sierra Leone,1.864,2.224,1.497,1.754,AMAN
2020,Greece,1.844,1.758,1.817,2.085,AMAN
2020,Indonesia,1.835,2.207,1.715,1.357,AMAN
2020,Ghana,1.829,2.099,1.57,1.743,AMAN
2020,Namibia,1.827,2.385,1.201,1.746,AMAN
2020,Liberia,1.824,2.295,1.439,1.562,AMAN
2020,Montenegro,1.821,2.31,1.414,1.546,AMAN
2020,Zambia,1.819,2.427,1.286,1.516,AMAN
2020,Laos,1.818,2.116,1.403,1.917,AMAN
2020,Equatorial Guinea,1.817,2.235,1.403,1.68,AMAN
2020,Madagascar,1.816,2.326,1.481,1.394,AMAN
2020,Botswana,1.815,2.526,1,1.708,AMAN
2020,Chile,1.815,2.271,1.403,1.638,AMAN
2020,North Macedonia,1.807,2.051,1.615,1.701,AMAN
2020,Serbia,1.8,1.966,1.677,1.682,AMAN
2020,Timor-Leste,1.798,2.246,1.403,1.576,AMAN
2020,United Kingdom,1.778,1.761,1.305,2.489,AMAN
2020,Albania,1.774,2.142,1.414,1.661,AMAN
2020,Senegal,1.754,1.988,1.513,1.697,AMAN
2020,Mongolia,1.751,2.38,1.213,1.376,AMAN
2020,South Korea,1.747,1.483,1.817,2.102,AMAN
2020,Kuwait,1.712,1.781,1.516,1.897,AMAN
2020,Costa Rica,1.709,2.188,1.201,1.595,AMAN
2020,Uruguay,1.688,2.29,1,1.598,AMAN
2020,Taiwan,1.683,1.713,1.604,1.746,AMAN
2020,Lithuania,1.652,1.824,1.437,1.628,AMAN
2020,Qatar,1.651,1.525,1.54,2.052,AMAN
2020,Italy,1.63,1.945,1.048,1.909,AMAN
2020,Latvia,1.625,1.854,1.442,1.459,AMAN
2020,Spain,1.605,1.807,1.28,1.724,AMAN
2020,Bulgaria,1.596,1.961,1.011,1.788,AMAN
2020,Poland,1.595,1.776,1.414,1.539,AMAN
2020,Estonia,1.568,1.663,1.451,1.557,AMAN
2020,Mauritius,1.556,2.082,1,1.409,AMAN
2020,Romania,1.554,1.834,1.099,1.713,AMAN
2020,Hungary,1.548,1.827,1.474,1.145,AMAN
2020,Slovakia,1.539,1.715,1.414,1.416,AMAN
2020,Netherlands,1.532,1.566,1.088,2.104,AMAN
2020,Croatia,1.531,1.597,1.414,1.573,AMAN
2020,Belgium,1.528,1.811,1.188,1.529,AMAN
2020,Malaysia,1.524,2.08,1.017,1.231,AMAN
2020,Norway,1.514,1.267,1.249,2.368,AMAN
2020,Sweden,1.512,1.532,1.308,1.754,AMAN
2020,Germany,1.502,1.64,1.07,1.869,AMAN
2020,Australia,1.434,1.533,1.102,1.762,AMAN
2020,Bhutan,1.417,1.417,1.471,1.344,AMAN
2020,Switzerland,1.365,1.264,1.032,2.023,AMAN
2020,Finland,1.361,1.263,1.249,1.708,AMAN
2020,Ireland,1.351,1.519,1.213,1.279,AMAN
2020,Czech Republic,1.346,1.57,1.044,1.357,AMAN
2020,Japan,1.346,1.307,1.403,1.306,AMAN
2020,Canada,1.337,1.479,1.055,1.493,AMAN
2020,Singapore,1.327,1.246,1,1.971,AMAN
2020,Slovenia,1.308,1.291,1.414,1.188,AMAN
2020,Denmark,1.307,1.33,1.279,1.288,AMAN
2020,New Zealand,1.294,1.582,1.021,1.159,AMAN
2020,Portugal,1.279,1.437,1.08,1.264,AMAN
2020,Austria,1.265,1.411,1.044,1.328,AMAN
2020,Iceland,1.103,1.216,1.011,1.028,AMAN
2021,Afghanistan,3.588,4.177,3.626,2.556,BAHAYA
2021,Yemen,3.351,3.913,3.377,2.322,BAHAYA
2021,Syria,3.281,3.541,3.828,2.12,BAHAYA
2021,South Sudan,3.21,3.756,2.994,2.558,BAHAYA
2021,Iraq,3.138,3.703,3.06,2.32,BAHAYA
2021,Democratic Republic of the Congo,3.118,3.76,3.16,2.015,BAHAYA
2021,Somalia,3.1,3.476,3.311,2.153,BAHAYA
2021,Libya,2.981,3.299,3.236,2.173,WASPADA
2021,Russia,2.973,2.91,2.874,3.226,WASPADA
2021,Central African Republic,2.914,3.414,2.758,2.274,WASPADA
2021,Sudan,2.88,3.186,2.962,2.237,WASPADA
2021,North Korea,2.879,2.957,2.61,3.135,WASPADA
2021,Pakistan,2.821,2.698,3.238,2.536,WASPADA
2021,Iran,2.763,2.867,3.106,2.105,WASPADA
2021,Venezuela,2.757,3.639,2.246,1.966,WASPADA
2021,Turkiye,2.731,2.943,3.033,1.971,WASPADA
2021,Cameroon,2.703,3.048,2.932,1.814,WASPADA
2021,Colombia,2.689,3.486,2.073,2.112,WASPADA
2021,Mali,2.685,3.336,2.556,1.806,WASPADA
2021,Nigeria,2.645,2.921,2.82,2.033,WASPADA
2021,Mexico,2.625,3.218,2.638,1.689,WASPADA
2021,Lebanon,2.597,2.799,2.49,2.425,WASPADA
2021,Niger,2.579,2.976,2.578,1.957,WASPADA
2021,Eritrea,2.567,3.365,1.793,2.069,WASPADA
2021,Ethiopia,2.56,2.871,2.743,1.8,WASPADA
2021,Chad,2.556,2.858,2.577,2.075,WASPADA
2021,Burkina Faso,2.544,2.94,2.459,2.042,WASPADA
2021,Israel,2.543,2.258,2.039,3.83,WASPADA
2021,United States of America,2.539,2.573,2.016,3.19,WASPADA
2021,Ukraine,2.524,2.679,2.714,2.024,WASPADA
2021,Egypt,2.441,2.651,2.536,1.996,WASPADA
2021,India,2.434,2.371,2.525,2.495,WASPADA
2021,Palestine,2.427,2.539,2.621,1.991,WASPADA
2021,Burundi,2.416,2.839,2.456,1.631,WASPADA
2021,Myanmar,2.409,2.9,2.442,1.558,WASPADA
2021,Brazil,2.403,3.302,1.729,1.835,WASPADA
2021,Saudi Arabia,2.377,2.282,2.416,2.581,WASPADA
2021,South Africa,2.358,3.208,1.745,1.742,WASPADA
2021,Philippines,2.34,2.816,2.261,1.716,WASPADA
2021,Nicaragua,2.338,3.01,2.006,1.662,WASPADA
2021,Uganda,2.326,2.777,2.133,1.76,WASPADA
2021,Honduras,2.308,3.08,1.604,1.945,WASPADA
2021,Zimbabwe,2.306,2.726,2.006,2.034,WASPADA
2021,Kenya,2.281,2.581,2.264,1.836,WASPADA
2021,Mauritania,2.27,2.883,1.719,1.991,WASPADA
2021,Republic of the Congo,2.269,2.778,1.693,2.197,WASPADA
2021,Belarus,2.231,2.449,2.208,1.915,WASPADA
2021,El Salvador,2.18,2.983,1.444,1.796,WASPADA
2021,Togo,2.17,2.485,1.92,1.994,WASPADA
2021,Algeria,2.167,2.426,1.832,2.225,WASPADA
2021,Guatemala,2.166,2.817,1.641,1.794,WASPADA
2021,Thailand,2.154,2.76,1.868,1.517,WASPADA
2021,Azerbaijan,2.151,2.382,1.821,2.168,WASPADA
2021,Benin,2.146,2.572,1.749,1.995,WASPADA
2021,Sri Lanka,2.144,2.372,1.976,2.045,WASPADA
2021,Mozambique,2.136,2.555,1.978,1.684,WASPADA
2021,Turkmenistan,2.136,2.497,1.604,2.306,WASPADA
2021,Bahrain,2.132,2.424,2.058,1.724,WASPADA
2021,Cote d' Ivoire,2.132,2.75,1.729,1.641,WASPADA
2021,Guyana,2.119,2.864,1.604,1.515,WASPADA
2021,Djibouti,2.113,2.375,1.951,1.909,WASPADA
2021,Lesotho,2.113,2.546,1.805,1.816,WASPADA
2021,Haiti,2.068,2.639,1.609,1.749,WASPADA
2021,Guinea,2.063,2.529,1.517,2.042,WASPADA
2021,Rwanda,2.061,2.321,2.112,1.512,WASPADA
2021,Uzbekistan,2.058,2.227,1.805,2.157,WASPADA
2021,Cuba,2.05,2.538,1.805,1.531,WASPADA
2021,Tajikistan,2.043,2.282,2.028,1.704,WASPADA
2021,Morocco,2.038,2.175,2.062,1.759,WASPADA
2021,Gabon,2.037,2.511,1.677,1.732,WASPADA
2021,Guinea-Bissau,2.037,2.334,1.627,2.156,WASPADA
2021,Papua New Guinea,2.03,2.579,1.61,1.696,WASPADA
2021,Trinidad and Tobago,2.024,2.654,1.201,2.106,WASPADA
2021,Peru,2.022,2.527,1.476,1.905,WASPADA
2021,Nepal,2.021,2.598,1.517,1.71,WASPADA
2021,Bangladesh,2.018,2.318,1.996,1.542,WASPADA
2021,Bolivia,2.018,2.484,1.421,2.06,WASPADA
2021,Angola,2.016,2.486,1.621,1.776,WASPADA
2021,Ecuador,2.012,2.628,1.426,1.757,WASPADA
2021,Georgia,2.011,2.277,1.805,1.808,WASPADA
2021,Cambodia,2.008,2.311,1.719,1.923,WASPADA
2021,Paraguay,2.005,2.503,1.421,2.004,WASPADA
2021,China,1.989,2.043,1.852,2.062,AMAN
2021,Kosovo,1.98,2.354,1.805,1.593,AMAN
2021,United Arab Emirates,1.98,1.836,1.701,2.63,AMAN
2021,Dominican Republic,1.972,2.593,1.403,1.682,AMAN
2021,Jamaica,1.97,2.757,1.201,1.695,AMAN
2021,Jordan,1.967,2.181,1.727,1.927,AMAN
2021,Tunisia,1.964,2.275,1.751,1.75,AMAN
2021,Tanzania,1.963,2.354,1.675,1.686,AMAN
2021,Zambia,1.94,2.366,1.7,1.519,AMAN
2021,Armenia,1.938,1.877,1.876,2.149,AMAN
2021,Argentina,1.926,2.607,1.201,1.762,AMAN
2021,Liberia,1.924,2.396,1.444,1.792,AMAN
2021,France,1.923,1.901,1.336,2.78,AMAN
2021,Kyrgyz Republic,1.921,2.195,1.805,1.673,AMAN
2021,Oman,1.919,1.957,1.403,2.666,AMAN
2021,Malawi,1.914,2.285,1.723,1.573,AMAN
2021,Kazakhstan,1.913,2.25,1.604,1.818,AMAN
2021,Cyprus,1.898,2.228,1.604,1.621,AMAN
2021,Greece,1.898,1.914,1.805,2.038,AMAN
2021,Eswatini,1.888,2.452,1.403,1.587,AMAN
2021,Panama,1.883,2.458,1.403,1.555,AMAN
2021,Equatorial Guinea,1.879,2.239,1.604,1.635,AMAN
2021,The Gambia,1.874,2.173,1.517,1.852,AMAN
2021,Bosnia and Herzegovina,1.855,2.064,1.842,1.501,AMAN
2021,Namibia,1.854,2.445,1.201,1.754,AMAN
2021,Madagascar,1.851,2.326,1.49,1.529,AMAN
2021,Moldova,1.847,2.217,1.824,1.231,AMAN
2021,Sierra Leone,1.844,2.245,1.501,1.627,AMAN
2021,Vietnam,1.828,2.135,1.421,1.843,AMAN
2021,South Korea,1.814,1.547,1.805,2.286,AMAN
2021,Serbia,1.802,1.916,1.677,1.78,AMAN
2021,Montenegro,1.799,2.215,1.403,1.64,AMAN
2021,Senegal,1.798,2.085,1.517,1.699,AMAN
2021,Ghana,1.794,2.049,1.575,1.679,AMAN
2021,Timor-Leste,1.79,2.177,1.403,1.667,AMAN
2021,Chile,1.787,2.377,1.201,1.594,AMAN
2021,Uruguay,1.782,2.513,1,1.592,AMAN
2021,Albania,1.781,2.164,1.403,1.668,AMAN
2021,Laos,1.781,2.091,1.403,1.807,AMAN
2021,Botswana,1.761,2.343,1,1.815,AMAN
2021,Mongolia,1.757,2.383,1.201,1.407,AMAN
2021,Indonesia,1.735,2.121,1.523,1.348,AMAN
2021,Costa Rica,1.718,2.163,1.201,1.674,AMAN
2021,Kuwait,1.709,1.789,1.516,1.863,AMAN
2021,United Kingdom,1.708,1.732,1.134,2.481,AMAN
2021,North Macedonia,1.684,1.925,1.403,1.696,AMAN
2021,Taiwan,1.66,1.668,1.604,1.726,AMAN
2021,Italy,1.65,1.969,1.041,1.957,AMAN
2021,Lithuania,1.649,1.81,1.435,1.647,AMAN
2021,Latvia,1.637,1.876,1.439,1.473,AMAN
2021,Spain,1.627,1.831,1.296,1.748,AMAN
2021,Qatar,1.601,1.488,1.339,2.202,AMAN
2021,Mauritius,1.591,2.139,1,1.452,AMAN
2021,Romania,1.559,1.814,1.115,1.749,AMAN
2021,Estonia,1.558,1.647,1.444,1.552,AMAN
2021,Bulgaria,1.556,1.927,1,1.699,AMAN
2021,Slovakia,1.548,1.822,1.403,1.26,AMAN
2021,Netherlands,1.531,1.554,1.074,2.147,AMAN
2021,Sweden,1.521,1.522,1.319,1.792,AMAN
2021,Belgium,1.515,1.807,1.135,1.556,AMAN
2021,Poland,1.505,1.6,1.403,1.496,AMAN
2021,Malaysia,1.496,2.019,1.005,1.241,AMAN
2021,Germany,1.492,1.639,1.063,1.838,AMAN
2021,Norway,1.486,1.269,1.243,2.257,AMAN
2021,Australia,1.47,1.611,1.062,1.831,AMAN
2021,Croatia,1.459,1.598,1.201,1.583,AMAN
2021,Hungary,1.437,1.566,1.462,1.165,AMAN
2021,Finland,1.406,1.405,1.243,1.646,AMAN
2021,Bhutan,1.396,1.384,1.462,1.33,AMAN
2021,Switzerland,1.378,1.353,1.041,1.904,AMAN
2021,Singapore,1.341,1.309,1,1.919,AMAN
2021,Portugal,1.336,1.54,1.096,1.296,AMAN
2021,Czech Republic,1.334,1.563,1.041,1.326,AMAN
2021,Japan,1.334,1.262,1.403,1.337,AMAN
2021,Austria,1.319,1.534,1.041,1.332,AMAN
2021,Canada,1.318,1.461,1.041,1.463,AMAN
2021,Slovenia,1.298,1.302,1.403,1.145,AMAN
2021,Ireland,1.295,1.539,1.009,1.272,AMAN
2021,Denmark,1.293,1.315,1.266,1.278,AMAN
2021,New Zealand,1.278,1.54,1.009,1.184,AMAN
2021,Iceland,1.145,1.322,1,1.028,AMAN
2022,Afghanistan,3.545,4.135,3.626,2.455,BAHAYA
2022,Yemen,3.404,4.024,3.354,2.377,BAHAYA
2022,Syria,3.371,3.892,3.633,2.12,BAHAYA
2022,South Sudan,3.191,3.837,3.005,2.319,BAHAYA
2022,Democratic Republic of the Congo,3.109,3.753,3.222,1.912,BAHAYA
2022,Somalia,3.068,3.491,3.326,1.973,BAHAYA
2022,Iraq,3.028,3.598,2.866,2.328,BAHAYA
2022,Russia,2.994,2.972,2.87,3.211,WASPADA
2022,Sudan,2.994,3.242,3.175,2.327,WASPADA
2022,Central African Republic,2.927,3.496,2.684,2.279,WASPADA
2022,North Korea,2.894,3.016,2.61,3.094,WASPADA
2022,Iran,2.808,2.894,3.134,2.204,WASPADA
2022,Libya,2.807,3.1,3.064,2.041,WASPADA
2022,Ethiopia,2.805,2.94,3.374,1.865,WASPADA
2022,Mali,2.805,3.344,2.826,1.905,WASPADA
2022,Pakistan,2.792,2.654,3.184,2.562,WASPADA
2022,Burkina Faso,2.767,3.026,2.91,2.181,WASPADA
2022,Turkiye,2.755,3.015,3.016,1.957,WASPADA
2022,Colombia,2.738,3.599,2.082,2.106,WASPADA
2022,Cameroon,2.72,3.036,2.926,1.913,WASPADA
2022,Ukraine,2.686,2.878,2.89,2.129,WASPADA
2022,Venezuela,2.683,3.581,2.028,2.045,WASPADA
2022,Nigeria,2.665,2.995,2.851,1.942,WASPADA
2022,Niger,2.638,2.867,2.813,2.06,WASPADA
2022,Mexico,2.616,3.141,2.648,1.776,WASPADA
2022,Myanmar,2.612,3.133,2.535,1.847,WASPADA
2022,Chad,2.589,2.922,2.511,2.186,WASPADA
2022,Lebanon,2.56,2.765,2.474,2.353,WASPADA
2022,Israel,2.552,2.254,2.088,3.8,WASPADA
2022,Burundi,2.527,2.967,2.653,1.58,WASPADA
2022,Eritrea,2.519,3.379,1.793,1.849,WASPADA
2022,Brazil,2.452,3.307,1.802,1.932,WASPADA
2022,United States of America,2.439,2.398,1.994,3.114,WASPADA
2022,Palestine,2.405,2.624,2.435,1.991,WASPADA
2022,Guinea,2.4,2.622,2.329,2.187,WASPADA
2022,India,2.398,2.336,2.527,2.405,WASPADA
2022,Uganda,2.346,2.982,1.856,1.884,WASPADA
2022,Egypt,2.335,2.497,2.45,1.945,WASPADA
2022,Zimbabwe,2.326,2.744,2.006,2.085,WASPADA
2022,Saudi Arabia,2.322,2.188,2.365,2.587,WASPADA
2022,Nicaragua,2.321,2.901,2.006,1.785,WASPADA
2022,South Africa,2.305,3.074,1.818,1.656,WASPADA
2022,Philippines,2.288,2.696,2.274,1.695,WASPADA
2022,Belarus,2.278,2.577,2.208,1.883,WASPADA
2022,Kenya,2.272,2.665,2.21,1.721,WASPADA
2022,Mauritania,2.259,2.795,1.719,2.101,WASPADA
2022,El Salvador,2.256,3.064,1.444,1.967,WASPADA
2022,Mozambique,2.256,2.777,2.125,1.595,WASPADA
2022,Honduras,2.229,2.997,1.604,1.764,WASPADA
2022,Republic of the Congo,2.223,2.676,1.698,2.181,WASPADA
2022,Djibouti,2.211,2.493,1.941,2.125,WASPADA
2022,Haiti,2.201,2.691,2.051,1.633,WASPADA
2022,Benin,2.176,2.598,1.74,2.081,WASPADA
2022,Azerbaijan,2.173,2.441,1.888,2.098,WASPADA
2022,Bahrain,2.165,2.444,2.046,1.863,WASPADA
2022,Cote d' Ivoire,2.16,2.741,1.729,1.773,WASPADA
2022,Togo,2.134,2.493,1.92,1.831,WASPADA
2022,Guatemala,2.131,2.817,1.631,1.658,WASPADA
2022,Thailand,2.131,2.745,1.843,1.482,WASPADA
2022,Algeria,2.126,2.298,2.029,2.015,WASPADA
2022,Turkmenistan,2.125,2.446,1.604,2.351,WASPADA
2022,Peru,2.122,2.713,1.525,1.924,WASPADA
2022,Guyana,2.12,2.857,1.604,1.536,WASPADA
2022,Cuba,2.112,2.7,1.805,1.495,WASPADA
2022,Guinea-Bissau,2.088,2.429,1.618,2.21,WASPADA
2022,Lesotho,2.082,2.553,1.805,1.675,WASPADA
2022,Kazakhstan,2.067,2.481,1.805,1.782,WASPADA
2022,Bangladesh,2.063,2.441,2.027,1.468,WASPADA
2022,Georgia,2.061,2.409,1.805,1.78,WASPADA
2022,Tajikistan,2.057,2.321,2.028,1.695,WASPADA
2022,Tanzania,2.051,2.447,1.903,1.579,WASPADA
2022,Eswatini,2.042,2.554,1.604,1.78,WASPADA
2022,Rwanda,2.039,2.36,1.987,1.512,WASPADA
2022,Papua New Guinea,2.027,2.613,1.408,1.888,WASPADA
2022,Sri Lanka,2.027,2.317,1.736,1.969,WASPADA
2022,Dominican Republic,2.022,2.638,1.403,1.809,WASPADA
2022,Gabon,2.019,2.482,1.677,1.708,WASPADA
2022,China,2.018,2.062,1.926,2.039,WASPADA
2022,Kyrgyz Republic,2.013,2.244,2.006,1.675,WASPADA
2022,Uzbekistan,2.01,2.226,1.805,1.959,WASPADA
2022,Morocco,2.001,2.182,2.016,1.658,WASPADA
2022,Tunisia,1.998,2.407,1.724,1.69,AMAN
2022,Jamaica,1.989,2.776,1.201,1.743,AMAN
2022,Paraguay,1.989,2.466,1.403,2.03,AMAN
2022,Trinidad and Tobago,1.979,2.669,1.201,1.891,AMAN
2022,United Arab Emirates,1.979,1.854,1.689,2.611,AMAN
2022,Bolivia,1.977,2.515,1.403,1.865,AMAN
2022,Angola,1.97,2.439,1.608,1.682,AMAN
2022,Liberia,1.97,2.418,1.444,1.944,AMAN
2022,Nepal,1.967,2.548,1.517,1.574,AMAN
2022,Ecuador,1.96,2.471,1.408,1.842,AMAN
2022,Cambodia,1.952,2.195,1.719,1.9,AMAN
2022,Kosovo,1.948,2.28,1.805,1.596,AMAN
2022,Malawi,1.934,2.146,1.797,1.796,AMAN
2022,Armenia,1.933,2.004,1.769,2.066,AMAN
2022,Jordan,1.919,2.08,1.647,2.018,AMAN
2022,France,1.918,1.875,1.353,2.773,AMAN
2022,Oman,1.915,1.925,1.403,2.705,AMAN
2022,Cyprus,1.909,2.263,1.604,1.607,AMAN
2022,Argentina,1.904,2.651,1.201,1.593,AMAN
2022,Equatorial Guinea,1.9,2.252,1.604,1.698,AMAN
2022,Namibia,1.891,2.536,1.201,1.742,AMAN
2022,Moldova,1.881,2.148,2.006,1.228,AMAN
2022,Panama,1.879,2.476,1.403,1.506,AMAN
2022,Zambia,1.871,2.359,1.52,1.51,AMAN
2022,Serbia,1.862,2.047,1.677,1.802,AMAN
2022,Bosnia and Herzegovina,1.857,2.053,1.842,1.529,AMAN
2022,Senegal,1.851,2.134,1.517,1.83,AMAN
2022,Madagascar,1.846,2.344,1.49,1.475,AMAN
2022,Greece,1.843,1.773,1.805,2.061,AMAN
2022,Chile,1.841,2.374,1.403,1.565,AMAN
2022,Timor-Leste,1.837,2.214,1.403,1.798,AMAN
2022,The Gambia,1.83,2.181,1.517,1.655,AMAN
2022,Montenegro,1.826,2.295,1.403,1.612,AMAN
2022,Laos,1.82,2.076,1.403,1.996,AMAN
2022,Botswana,1.814,2.468,1,1.812,AMAN
2022,Sierra Leone,1.803,2.216,1.501,1.509,AMAN
2022,South Korea,1.791,1.502,1.805,2.268,AMAN
2022,Uruguay,1.791,2.473,1,1.7,AMAN
2022,Vietnam,1.789,2.112,1.403,1.75,AMAN
2022,Ghana,1.785,2.031,1.575,1.673,AMAN
2022,Costa Rica,1.775,2.32,1.201,1.631,AMAN
2022,Indonesia,1.775,2.091,1.523,1.566,AMAN
2022,Albania,1.764,2.13,1.403,1.657,AMAN
2022,Mongolia,1.759,2.413,1.201,1.361,AMAN
2022,Kuwait,1.718,1.697,1.448,2.188,AMAN
2022,North Macedonia,1.707,1.921,1.403,1.798,AMAN
2022,United Kingdom,1.699,1.735,1.131,2.443,AMAN
2022,Romania,1.666,1.792,1.517,1.646,AMAN
2022,Lithuania,1.658,1.79,1.444,1.713,AMAN
2022,Taiwan,1.647,1.634,1.604,1.737,AMAN
2022,Italy,1.642,1.924,1.041,2.003,AMAN
2022,Spain,1.637,1.834,1.324,1.744,AMAN
2022,Latvia,1.624,1.84,1.439,1.482,AMAN
2022,Sweden,1.591,1.486,1.539,1.828,AMAN
2022,Mauritius,1.575,2.163,1,1.339,AMAN
2022,Australia,1.565,1.656,1.261,1.855,AMAN
2022,Estonia,1.565,1.665,1.444,1.55,AMAN
2022,Bulgaria,1.557,1.965,1,1.634,AMAN
2022,Belgium,1.544,1.857,1.123,1.611,AMAN
2022,Poland,1.54,1.689,1.403,1.484,AMAN
2022,Qatar,1.535,1.422,1.293,2.115,AMAN
2022,Netherlands,1.521,1.514,1.057,2.205,AMAN
2022,Slovakia,1.508,1.737,1.403,1.244,AMAN
2022,Malaysia,1.477,1.997,1.005,1.203,AMAN
2022,Norway,1.476,1.259,1.243,2.236,AMAN
2022,Germany,1.453,1.599,1.063,1.746,AMAN
2022,Finland,1.439,1.347,1.444,1.587,AMAN
2022,Croatia,1.438,1.546,1.201,1.588,AMAN
2022,Hungary,1.433,1.564,1.444,1.177,AMAN
2022,Canada,1.39,1.63,1.039,1.465,AMAN
2022,Bhutan,1.386,1.376,1.444,1.331,AMAN
2022,Switzerland,1.362,1.36,1.041,1.824,AMAN
2022,Singapore,1.345,1.327,1,1.902,AMAN
2022,Japan,1.34,1.285,1.403,1.325,AMAN
2022,Portugal,1.334,1.529,1.115,1.278,AMAN
2022,Czech Republic,1.317,1.556,1.041,1.265,AMAN
2022,New Zealand,1.316,1.639,1.009,1.167,AMAN
2022,Austria,1.31,1.467,1.098,1.343,AMAN
2022,Slovenia,1.31,1.329,1.403,1.145,AMAN
2022,Denmark,1.298,1.307,1.254,1.336,AMAN
2022,Ireland,1.283,1.508,1.018,1.263,AMAN
2022,Iceland,1.081,1.178,1,1.019,AMAN
2023,Afghanistan,3.448,4.136,3.434,2.3,BAHAYA
2023,Yemen,3.35,3.9,3.486,2.235,BAHAYA
2023,Syria,3.294,3.842,3.46,2.116,BAHAYA
2023,South Sudan,3.221,3.835,3.08,2.347,BAHAYA
2023,Democratic Republic of the Congo,3.214,3.749,3.421,2.063,BAHAYA
2023,Russia,3.142,2.838,3.445,3.187,BAHAYA
2023,Ukraine,3.043,3.12,3.47,2.349,BAHAYA
2023,Somalia,3.036,3.641,3.131,1.857,BAHAYA
2023,Sudan,3.023,3.25,3.263,2.318,BAHAYA
2023,Iraq,3.006,3.577,2.926,2.174,BAHAYA
2023,Mali,2.963,3.539,3.085,1.872,WASPADA
2023,Central African Republic,2.934,3.532,2.831,2.052,WASPADA
2023,Ethiopia,2.872,3.087,3.419,1.826,WASPADA
2023,Burkina Faso,2.868,3.253,3.005,2.052,WASPADA
2023,North Korea,2.848,2.96,2.61,3,WASPADA
2023,Iran,2.8,2.907,3.072,2.234,WASPADA
2023,Turkiye,2.8,3.077,3.088,1.917,WASPADA
2023,Pakistan,2.745,2.767,2.943,2.516,WASPADA
2023,Myanmar,2.741,3.211,2.778,1.921,WASPADA
2023,Nigeria,2.713,3.057,2.882,1.99,WASPADA
2023,Israel,2.706,2.349,2.435,3.783,WASPADA
2023,Chad,2.699,3.03,2.674,2.233,WASPADA
2023,Colombia,2.693,3.584,2.099,1.924,WASPADA
2023,Venezuela,2.693,3.544,2.086,2.073,WASPADA
2023,Cameroon,2.66,2.974,2.914,1.793,WASPADA
2023,Niger,2.625,2.85,2.947,1.853,WASPADA
2023,Libya,2.605,3.155,2.419,1.947,WASPADA
2023,Mexico,2.599,3.133,2.657,1.707,WASPADA
2023,Lebanon,2.581,2.815,2.447,2.384,WASPADA
2023,Palestine,2.538,2.769,2.659,1.991,WASPADA
2023,Eritrea,2.505,3.428,1.787,1.709,WASPADA
2023,Brazil,2.462,3.319,1.9,1.824,WASPADA
2023,United States of America,2.448,2.438,1.994,3.081,WASPADA
2023,South Africa,2.405,3.112,2.083,1.648,WASPADA
2023,Haiti,2.395,2.944,2.255,1.721,WASPADA
2023,Burundi,2.393,2.878,2.267,1.716,WASPADA
2023,Guinea,2.359,2.659,2.15,2.183,WASPADA
2023,India,2.314,2.346,2.282,2.388,WASPADA
2023,Uganda,2.3,2.914,1.844,1.835,WASPADA
2023,Zimbabwe,2.3,2.781,2.006,1.912,WASPADA
2023,Nicaragua,2.294,2.881,2.006,1.709,WASPADA
2023,El Salvador,2.279,3.048,1.448,2.082,WASPADA
2023,Egypt,2.267,2.467,2.362,1.831,WASPADA
2023,Honduras,2.265,3.046,1.604,1.825,WASPADA
2023,Saudi Arabia,2.26,2.137,2.184,2.694,WASPADA
2023,Mozambique,2.259,2.789,2.117,1.592,WASPADA
2023,Kenya,2.254,2.639,2.25,1.633,WASPADA
2023,Belarus,2.248,2.495,2.208,1.907,WASPADA
2023,Philippines,2.229,2.6,2.23,1.68,WASPADA
2023,Mauritania,2.228,2.78,1.742,1.966,WASPADA
2023,Republic of the Congo,2.21,2.788,1.706,1.911,WASPADA
2023,Djibouti,2.196,2.531,1.96,1.971,WASPADA
2023,Lesotho,2.191,2.7,1.824,1.838,WASPADA
2023,Benin,2.177,2.682,1.763,1.901,WASPADA
2023,Eswatini,2.168,2.746,1.816,1.688,WASPADA
2023,Bahrain,2.145,2.364,2.035,1.951,WASPADA
2023,Sri Lanka,2.136,2.442,1.763,2.156,WASPADA
2023,Guyana,2.134,2.909,1.604,1.499,WASPADA
2023,Guatemala,2.13,2.83,1.641,1.621,WASPADA
2023,Peru,2.13,2.729,1.701,1.696,WASPADA
2023,Togo,2.13,2.495,1.961,1.749,WASPADA
2023,Tajikistan,2.114,2.365,2.174,1.663,WASPADA
2023,Kyrgyz Republic,2.11,2.272,2.284,1.658,WASPADA
2023,Turkmenistan,2.107,2.55,1.604,2.088,WASPADA
2023,Cuba,2.103,2.701,1.805,1.46,WASPADA
2023,Ecuador,2.095,2.571,1.676,1.876,WASPADA
2023,Papua New Guinea,2.095,2.592,1.618,1.933,WASPADA
2023,Algeria,2.094,2.423,1.821,1.925,WASPADA
2023,Azerbaijan,2.09,2.339,1.847,1.986,WASPADA
2023,Georgia,2.071,2.452,1.805,1.745,WASPADA
2023,Gabon,2.068,2.537,1.696,1.788,WASPADA
2023,Thailand,2.061,2.599,1.841,1.454,WASPADA
2023,Tanzania,2.058,2.367,1.901,1.741,WASPADA
2023,Cote d' Ivoire,2.053,2.505,1.76,1.704,WASPADA
2023,Bangladesh,2.051,2.435,1.997,1.465,WASPADA
2023,Rwanda,2.051,2.407,1.967,1.504,WASPADA
2023,Guinea-Bissau,2.045,2.412,1.613,2.069,WASPADA
2023,Uzbekistan,2.033,2.361,1.805,1.812,WASPADA
2023,Angola,2.02,2.423,1.639,1.847,WASPADA
2023,Morocco,2.02,2.256,1.989,1.644,WASPADA
2023,Dominican Republic,2.019,2.535,1.604,1.687,WASPADA
2023,Equatorial Guinea,2.013,2.448,1.604,1.817,WASPADA
2023,Tunisia,2.01,2.417,1.742,1.694,WASPADA
2023,China,2.009,2.07,1.897,2.03,WASPADA
2023,Nepal,2.006,2.541,1.577,1.664,WASPADA
2023,Bolivia,2.001,2.555,1.417,1.873,WASPADA
2023,Jamaica,1.986,2.785,1.201,1.713,AMAN
2023,Kazakhstan,1.98,2.291,1.805,1.759,AMAN
2023,United Arab Emirates,1.979,1.85,1.678,2.633,AMAN
2023,Malawi,1.97,2.25,1.815,1.734,AMAN
2023,Cambodia,1.947,2.176,1.742,1.88,AMAN
2023,Kosovo,1.946,2.275,1.805,1.597,AMAN
2023,Liberia,1.946,2.441,1.448,1.798,AMAN
2023,Trinidad and Tobago,1.946,2.622,1.201,1.84,AMAN
2023,Panama,1.942,2.638,1.403,1.476,AMAN
2023,Paraguay,1.942,2.479,1.403,1.814,AMAN
2023,France,1.939,1.872,1.416,2.769,AMAN
2023,Armenia,1.929,1.987,1.783,2.061,AMAN
2023,Serbia,1.921,2.003,1.897,1.846,AMAN
2023,Cyprus,1.904,2.281,1.604,1.55,AMAN
2023,Zambia,1.898,2.38,1.577,1.503,AMAN
2023,Jordan,1.895,2.125,1.602,1.898,AMAN
2023,Bosnia and Herzegovina,1.892,2.144,1.851,1.496,AMAN
2023,Greece,1.89,1.857,1.805,2.114,AMAN
2023,The Gambia,1.888,2.272,1.54,1.703,AMAN
2023,Chile,1.874,2.332,1.403,1.776,AMAN
2023,Moldova,1.873,2.125,2.006,1.234,AMAN
2023,Namibia,1.859,2.504,1.201,1.665,AMAN
2023,Madagascar,1.846,2.347,1.504,1.449,AMAN
2023,Argentina,1.837,2.519,1.201,1.547,AMAN
2023,Indonesia,1.829,2.104,1.758,1.457,AMAN
2023,Senegal,1.827,2.174,1.54,1.625,AMAN
2023,Ghana,1.799,2.057,1.616,1.625,AMAN
2023,Uruguay,1.798,2.528,1,1.634,AMAN
2023,Timor-Leste,1.796,2.182,1.403,1.682,AMAN
2023,Oman,1.794,1.863,1.403,2.282,AMAN
2023,Sierra Leone,1.792,2.244,1.506,1.406,AMAN
2023,Laos,1.779,2.088,1.403,1.805,AMAN
2023,Montenegro,1.772,2.172,1.403,1.606,AMAN
2023,Mongolia,1.765,2.442,1.201,1.336,AMAN
2023,South Korea,1.763,1.485,1.805,2.182,AMAN
2023,Botswana,1.762,2.376,1.018,1.735,AMAN
2023,Albania,1.745,2.078,1.403,1.67,AMAN
2023,Vietnam,1.745,2.053,1.403,1.672,AMAN
2023,Costa Rica,1.731,2.231,1.201,1.608,AMAN
2023,North Macedonia,1.713,1.915,1.403,1.835,AMAN
2023,United Kingdom,1.693,1.723,1.12,2.452,AMAN
2023,Lithuania,1.671,1.753,1.448,1.835,AMAN
2023,Kuwait,1.669,1.693,1.403,2.062,AMAN
2023,Italy,1.662,1.93,1.046,2.07,AMAN
2023,Romania,1.649,1.745,1.54,1.624,AMAN
2023,Spain,1.649,1.836,1.352,1.751,AMAN
2023,Taiwan,1.649,1.638,1.604,1.703,AMAN
2023,Bulgaria,1.643,2.008,1.201,1.619,AMAN
2023,Poland,1.634,1.71,1.604,1.542,AMAN
2023,Sweden,1.625,1.528,1.562,1.864,AMAN
2023,Latvia,1.582,1.741,1.448,1.471,AMAN
2023,Slovakia,1.578,1.721,1.604,1.271,AMAN
2023,Estonia,1.563,1.657,1.448,1.545,AMAN
2023,Norway,1.55,1.301,1.448,2.165,AMAN
2023,Mauritius,1.546,2.106,1,1.319,AMAN
2023,Australia,1.525,1.606,1.258,1.772,AMAN
2023,Qatar,1.524,1.439,1.247,2.104,AMAN
2023,Belgium,1.523,1.802,1.084,1.672,AMAN
2023,Malaysia,1.513,2.092,1.005,1.18,AMAN
2023,Hungary,1.508,1.736,1.439,1.191,AMAN
2023,Bhutan,1.496,1.608,1.448,1.368,AMAN
2023,Netherlands,1.49,1.519,1.055,2.079,AMAN
2023,Germany,1.456,1.628,1.046,1.73,AMAN
2023,Croatia,1.45,1.581,1.201,1.575,AMAN
2023,Finland,1.399,1.251,1.448,1.585,AMAN
2023,Czech Republic,1.379,1.526,1.247,1.279,AMAN
2023,Canada,1.35,1.537,1.037,1.466,AMAN
2023,Switzerland,1.339,1.31,1.046,1.808,AMAN
2023,Japan,1.336,1.272,1.403,1.333,AMAN
2023,Slovenia,1.334,1.339,1.403,1.23,AMAN
2023,Portugal,1.333,1.546,1.138,1.211,AMAN
2023,Singapore,1.332,1.3,1,1.897,AMAN
2023,Austria,1.316,1.51,1.068,1.328,AMAN
2023,New Zealand,1.313,1.594,1.009,1.236,AMAN
2023,Ireland,1.312,1.548,1.028,1.301,AMAN
2023,Denmark,1.31,1.305,1.247,1.403,AMAN
2023,Iceland,1.124,1.282,1,1.015,AMAN
